lead_id,created_at,client_id,full_name,lead_type,source_channel,source_detail,requested_locality,budget_czk,status,assigned_broker,next_step,gdpr_consent
L-202511-001,2025-11-01,C-0001,Jan Novak,kupujici,Sreality.cz,,Praha 7 - Holesovice,7200000,vyhrany,Pepa Novak,sledovat follow-up,chybi obnovit
L-202511-002,2025-11-08,C-0002,Lucie Dvorak,prodavajici,Sreality.cz,,Praha 1 - Nove Mesto,7610000,kontaktovan,Marie Vankova,sledovat follow-up,ano
L-202511-003,2025-11-15,C-0003,Petr Prochazka,investor,Sreality.cz,,Praha 6 - Dejvice,8020000,kvalifikovan,Robert Linhart,sledovat follow-up,ano
L-202511-004,2025-11-22,C-0004,Anna Vesely,pronajimatel,Doporuceni,doporučení od existujícího klienta,Kladno,8430000,prohlidka,Pepa Novak,potvrdit termin prohlidky,ano
L-202511-005,2025-11-02,,Tomas Kucera,najemce,Doporuceni,doporučení od existujícího klienta,Praha 8 - Karlin,32000,nabidka,Marie Vankova,odeslat navrh kupni ceny,ano
L-202511-006,2025-11-09,C-0005,Katerina Marek,kupujici,Google Ads,kampan: vykup/prodej bytu Praha,Praha 5 - Smichov,9250000,vyhrany,Robert Linhart,sledovat follow-up,ano
L-202511-007,2025-11-16,C-0006,Martin Fiala,prodavajici,Facebook kampan,,Brno - stred,9660000,vyhrany,Pepa Novak,sledovat follow-up,ano
L-202511-008,2025-11-23,C-0007,Eva Blaha,investor,LinkedIn,,Praha 7 - Letna,10070000,vyhrany,Marie Vankova,sledovat follow-up,ano
L-202511-009,2025-11-03,,Michal Kadlec,pronajimatel,Web formular,,Praha 2 - Vinohrady,10480000,kontaktovan,Robert Linhart,sledovat follow-up,ano
L-202511-010,2025-11-10,C-0008,Barbora Sedlak,najemce,Cold outreach,,Praha 10 - Vrsovice,32000,kvalifikovan,Pepa Novak,sledovat follow-up,ano
L-202511-011,2025-11-17,C-0009,Filip Novak,kupujici,Sreality.cz,,Praha 7 - Holesovice,11300000,prohlidka,Marie Vankova,potvrdit termin prohlidky,ano
L-202511-012,2025-11-24,C-0010,Tereza Dvorak,prodavajici,Sreality.cz,,Praha 1 - Nove Mesto,11710000,nabidka,Robert Linhart,odeslat navrh kupni ceny,chybi obnovit
L-202511-013,2025-11-04,,David Prochazka,investor,Doporuceni,doporučení od existujícího klienta,Praha 6 - Dejvice,12120000,vyhrany,Pepa Novak,sledovat follow-up,ano
L-202511-014,2025-11-11,C-0011,Jana Vesely,pronajimatel,Doporuceni,doporučení od existujícího klienta,Kladno,12530000,ztraceny,Marie Vankova,sledovat follow-up,ano
L-202511-015,2025-11-18,C-0012,Ondrej Kucera,najemce,Google Ads,kampan: vykup/prodej bytu Praha,Praha 8 - Karlin,32000,vyhrany,Robert Linhart,sledovat follow-up,ano
L-202511-016,2025-11-25,C-0013,Nikola Marek,kupujici,Facebook kampan,,Praha 5 - Smichov,13350000,kontaktovan,Pepa Novak,sledovat follow-up,ano
L-202511-017,2025-11-05,,Marek Fiala,prodavajici,LinkedIn,,Brno - stred,13760000,kvalifikovan,Marie Vankova,sledovat follow-up,ano
L-202511-018,2025-11-12,C-0014,Veronika Blaha,investor,Web formular,,Praha 7 - Letna,14170000,prohlidka,Robert Linhart,potvrdit termin prohlidky,ano
L-202511-019,2025-11-19,C-0015,Adam Kadlec,pronajimatel,Cold outreach,,Praha 2 - Vinohrady,14580000,nabidka,Pepa Novak,odeslat navrh kupni ceny,ano
L-202511-020,2025-11-26,C-0016,Simona Sedlak,najemce,Sreality.cz,,Praha 10 - Vrsovice,32000,vyhrany,Marie Vankova,sledovat follow-up,ano
L-202511-021,2025-11-06,,Jan Novak,kupujici,Sreality.cz,,Praha 7 - Holesovice,15400000,ztraceny,Robert Linhart,sledovat follow-up,ano
L-202511-022,2025-11-13,C-0017,Lucie Dvorak,prodavajici,Bezrealitky,,Praha 1 - Nove Mesto,15810000,vyhrany,Pepa Novak,sledovat follow-up,ano
L-202511-023,2025-11-20,C-0018,Petr Prochazka,investor,Doporuceni,doporučení od existujícího klienta,Praha 6 - Dejvice,16220000,kontaktovan,Marie Vankova,sledovat follow-up,chybi obnovit
L-202511-024,2025-11-27,C-0019,Anna Vesely,pronajimatel,Google Ads,kampan: vykup/prodej bytu Praha,Kladno,16630000,kvalifikovan,Robert Linhart,sledovat follow-up,ano
L-202511-025,2025-11-07,,Tomas Kucera,najemce,Facebook kampan,,Praha 8 - Karlin,32000,prohlidka,Pepa Novak,potvrdit termin prohlidky,ano
L-202511-026,2025-11-14,C-0020,Katerina Marek,kupujici,LinkedIn,,Praha 5 - Smichov,7650000,nabidka,Marie Vankova,odeslat navrh kupni ceny,ano
L-202511-027,2025-11-21,C-0021,Martin Fiala,prodavajici,Web formular,,Brno - stred,8060000,vyhrany,Robert Linhart,sledovat follow-up,ano
L-202511-028,2025-11-01,C-0022,Eva Blaha,investor,Cold outreach,,Praha 7 - Letna,8470000,ztraceny,Pepa Novak,sledovat follow-up,ano
L-202511-029,2025-11-08,C-0023,Michal Kadlec,pronajimatel,Sreality.cz,,Praha 2 - Vinohrady,8880000,vyhrany,Marie Vankova,sledovat follow-up,ano
L-202511-030,2025-11-15,C-0024,Barbora Sedlak,najemce,Sreality.cz,,Praha 10 - Vrsovice,32000,kontaktovan,Robert Linhart,sledovat follow-up,ano
L-202511-031,2025-11-22,C-0025,Filip Novak,kupujici,Bezrealitky,,Praha 7 - Holesovice,9700000,kvalifikovan,Pepa Novak,sledovat follow-up,ano
L-202511-032,2025-11-02,C-0026,Tereza Dvorak,prodavajici,Doporuceni,doporučení od existujícího klienta,Praha 1 - Nove Mesto,10110000,prohlidka,Marie Vankova,potvrdit termin prohlidky,ano
L-202511-033,2025-11-09,,David Prochazka,investor,Google Ads,kampan: vykup/prodej bytu Praha,Praha 6 - Dejvice,10520000,nabidka,Robert Linhart,odeslat navrh kupni ceny,ano
L-202511-034,2025-11-16,C-0027,Jana Vesely,pronajimatel,Google Ads,kampan: vykup/prodej bytu Praha,Kladno,10930000,vyhrany,Pepa Novak,sledovat follow-up,chybi obnovit
L-202511-035,2025-11-23,C-0028,Ondrej Kucera,najemce,LinkedIn,,Praha 8 - Karlin,32000,ztraceny,Marie Vankova,sledovat follow-up,ano
L-202511-036,2025-11-03,C-0029,Nikola Marek,kupujici,Web formular,,Praha 5 - Smichov,11750000,vyhrany,Robert Linhart,sledovat follow-up,ano
L-202511-037,2025-11-10,C-0030,Marek Fiala,prodavajici,Reality iDNES,,Brno - stred,12160000,vyhrany,Pepa Novak,sledovat follow-up,ano
L-202511-038,2025-11-17,C-0031,Veronika Blaha,investor,Sreality.cz,,Praha 7 - Letna,12570000,kvalifikovan,Marie Vankova,sledovat follow-up,ano
L-202512-001,2025-12-04,C-0032,Lucie Svobodova,prodavajici,Sreality.cz,,Praha 7 - Letna,7890000,vyhrany,Pepa Novak,sledovat follow-up,chybi obnovit
L-202512-002,2025-12-11,C-0033,Petr Cerna,investor,Bezrealitky,,Praha 2 - Vinohrady,8300000,prohlidka,Marie Vankova,potvrdit termin prohlidky,ano
L-202512-003,2025-12-18,C-0034,Anna Kralova,pronajimatel,Doporuceni,doporučení od existujícího klienta,Praha 10 - Vrsovice,8710000,nabidka,Robert Linhart,odeslat navrh kupni ceny,ano
L-202512-004,2025-12-25,C-0035,Tomas Horakova,najemce,Google Ads,kampan: vykup/prodej bytu Praha,Praha 7 - Holesovice,32000,vyhrany,Pepa Novak,sledovat follow-up,ano
L-202512-005,2025-12-05,,Katerina Nemeckova,kupujici,Google Ads,kampan: vykup/prodej bytu Praha,Praha 1 - Nove Mesto,9530000,ztraceny,Marie Vankova,sledovat follow-up,ano
L-202512-006,2025-12-12,C-0036,Martin Pokorna,prodavajici,Facebook kampan,,Praha 6 - Dejvice,9940000,novy,Robert Linhart,zavolat do 24 hodin,ano
L-202512-007,2025-12-19,C-0037,Eva Urbanova,investor,Web formular,,Kladno,10350000,vyhrany,Pepa Novak,sledovat follow-up,ano
L-202512-008,2025-12-26,C-0038,Michal Kolarova,pronajimatel,Reality iDNES,,Praha 8 - Karlin,10760000,kvalifikovan,Marie Vankova,sledovat follow-up,ano
L-202512-009,2025-12-06,,Barbora Ruzickova,najemce,Sreality.cz,,Praha 5 - Smichov,32000,prohlidka,Robert Linhart,potvrdit termin prohlidky,ano
L-202512-010,2025-12-13,C-0039,Filip Malikova,kupujici,Sreality.cz,,Brno - stred,11580000,nabidka,Pepa Novak,odeslat navrh kupni ceny,ano
L-202512-011,2025-12-20,C-0040,Tereza Svobodova,prodavajici,Bezrealitky,,Praha 7 - Letna,11990000,vyhrany,Marie Vankova,sledovat follow-up,ano
L-202512-012,2025-12-27,C-0041,David Cerna,investor,Doporuceni,doporučení od existujícího klienta,Praha 2 - Vinohrady,12400000,ztraceny,Robert Linhart,sledovat follow-up,chybi obnovit
L-202512-013,2025-12-07,,Jana Kralova,pronajimatel,Doporuceni,doporučení od existujícího klienta,Praha 10 - Vrsovice,12810000,novy,Pepa Novak,zavolat do 24 hodin,ano
L-202512-014,2025-12-14,C-0042,Ondrej Horakova,najemce,Google Ads,kampan: vykup/prodej bytu Praha,Praha 7 - Holesovice,32000,vyhrany,Marie Vankova,sledovat follow-up,ano
L-202512-015,2025-12-21,C-0043,Nikola Nemeckova,kupujici,Facebook kampan,,Praha 1 - Nove Mesto,13630000,kvalifikovan,Robert Linhart,sledovat follow-up,ano
L-202512-016,2025-12-01,C-0044,Marek Pokorna,prodavajici,Web formular,,Praha 6 - Dejvice,14040000,prohlidka,Pepa Novak,potvrdit termin prohlidky,ano
L-202512-017,2025-12-08,,Veronika Urbanova,investor,Reality iDNES,,Kladno,14450000,nabidka,Marie Vankova,odeslat navrh kupni ceny,ano
L-202512-018,2025-12-15,C-0045,Adam Kolarova,pronajimatel,Sreality.cz,,Praha 8 - Karlin,14860000,vyhrany,Robert Linhart,sledovat follow-up,ano
L-202512-019,2025-12-22,C-0046,Simona Ruzickova,najemce,Sreality.cz,,Praha 5 - Smichov,32000,ztraceny,Pepa Novak,sledovat follow-up,ano
L-202512-020,2025-12-02,C-0047,Jan Malikova,kupujici,Bezrealitky,,Brno - stred,15680000,novy,Marie Vankova,zavolat do 24 hodin,ano
L-202512-021,2025-12-09,C-0048,Lucie Svobodova,prodavajici,Doporuceni,doporučení od existujícího klienta,Praha 7 - Letna,16090000,vyhrany,Robert Linhart,sledovat follow-up,ano
L-202512-022,2025-12-16,C-0049,Petr Cerna,investor,Doporuceni,doporučení od existujícího klienta,Praha 2 - Vinohrady,16500000,kvalifikovan,Pepa Novak,sledovat follow-up,ano
L-202512-023,2025-12-23,C-0050,Anna Kralova,pronajimatel,Google Ads,kampan: vykup/prodej bytu Praha,Praha 10 - Vrsovice,16910000,prohlidka,Marie Vankova,potvrdit termin prohlidky,chybi obnovit
L-202512-024,2025-12-03,C-0051,Tomas Horakova,najemce,Facebook kampan,,Praha 7 - Holesovice,32000,nabidka,Robert Linhart,odeslat navrh kupni ceny,ano
L-202512-025,2025-12-10,,Katerina Nemeckova,kupujici,Web formular,,Praha 1 - Nove Mesto,7930000,vyhrany,Pepa Novak,sledovat follow-up,ano
L-202512-026,2025-12-17,C-0052,Martin Pokorna,prodavajici,Reality iDNES,,Praha 6 - Dejvice,8340000,ztraceny,Marie Vankova,sledovat follow-up,ano
L-202512-027,2025-12-24,C-0053,Eva Urbanova,investor,Sreality.cz,,Kladno,8750000,novy,Robert Linhart,zavolat do 24 hodin,ano
L-202512-028,2025-12-04,C-0054,Michal Kolarova,pronajimatel,Sreality.cz,,Praha 8 - Karlin,9160000,vyhrany,Pepa Novak,sledovat follow-up,ano
L-202512-029,2025-12-11,,Barbora Ruzickova,najemce,Bezrealitky,,Praha 5 - Smichov,32000,kvalifikovan,Marie Vankova,sledovat follow-up,ano
L-202512-030,2025-12-18,C-0055,Filip Malikova,kupujici,Doporuceni,doporučení od existujícího klienta,Brno - stred,9980000,prohlidka,Robert Linhart,potvrdit termin prohlidky,ano
L-202512-031,2025-12-25,C-0056,Tereza Svobodova,prodavajici,Doporuceni,doporučení od existujícího klienta,Praha 7 - Letna,10390000,vyhrany,Pepa Novak,sledovat follow-up,ano
L-202601-001,2026-01-07,,Petr Dvorak,investor,Doporuceni,doporučení od existujícího klienta,Praha 8 - Karlin,8580000,nabidka,Pepa Novak,odeslat navrh kupni ceny,chybi obnovit
L-202601-002,2026-01-14,C-0057,Anna Prochazka,pronajimatel,Doporuceni,doporučení od existujícího klienta,Praha 5 - Smichov,8990000,vyhrany,Marie Vankova,sledovat follow-up,ano
L-202601-003,2026-01-21,C-0058,Tomas Vesely,najemce,Google Ads,kampan: vykup/prodej bytu Praha,Brno - stred,32000,ztraceny,Robert Linhart,sledovat follow-up,ano
L-202601-004,2026-01-01,C-0059,Katerina Kucera,kupujici,Facebook kampan,,Praha 7 - Letna,9810000,novy,Pepa Novak,zavolat do 24 hodin,ano
L-202601-005,2026-01-08,,Martin Marek,prodavajici,Web formular,,Praha 2 - Vinohrady,10220000,kontaktovan,Marie Vankova,sledovat follow-up,ano
L-202601-006,2026-01-15,C-0060,Eva Fiala,investor,Web formular,,Praha 10 - Vrsovice,10630000,vyhrany,Robert Linhart,sledovat follow-up,ano
L-202601-007,2026-01-22,C-0061,Michal Blaha,pronajimatel,Sreality.cz,,Praha 7 - Holesovice,11040000,prohlidka,Pepa Novak,potvrdit termin prohlidky,ano
L-202601-008,2026-01-02,C-0062,Barbora Kadlec,najemce,Sreality.cz,,Praha 1 - Nove Mesto,32000,nabidka,Marie Vankova,odeslat navrh kupni ceny,ano
L-202601-009,2026-01-09,,Filip Sedlak,kupujici,Sreality.cz,,Praha 6 - Dejvice,11860000,vyhrany,Robert Linhart,sledovat follow-up,ano
L-202601-010,2026-01-16,C-0063,Tereza Novak,prodavajici,Doporuceni,doporučení od existujícího klienta,Kladno,12270000,ztraceny,Pepa Novak,sledovat follow-up,ano
L-202601-011,2026-01-23,C-0064,David Dvorak,investor,Doporuceni,doporučení od existujícího klienta,Praha 8 - Karlin,12680000,novy,Marie Vankova,zavolat do 24 hodin,ano
L-202601-012,2026-01-03,C-0065,Jana Prochazka,pronajimatel,Google Ads,kampan: vykup/prodej bytu Praha,Praha 5 - Smichov,13090000,kontaktovan,Robert Linhart,sledovat follow-up,chybi obnovit
L-202601-013,2026-01-10,C-0066,Ondrej Vesely,najemce,Facebook kampan,,Brno - stred,32000,vyhrany,Pepa Novak,sledovat follow-up,ano
L-202601-014,2026-01-17,C-0067,Nikola Kucera,kupujici,LinkedIn,,Praha 7 - Letna,13910000,prohlidka,Marie Vankova,potvrdit termin prohlidky,ano
L-202601-015,2026-01-24,C-0068,Marek Marek,prodavajici,Web formular,,Praha 2 - Vinohrady,14320000,nabidka,Robert Linhart,odeslat navrh kupni ceny,ano
L-202601-016,2026-01-04,C-0069,Veronika Fiala,investor,Cold outreach,,Praha 10 - Vrsovice,14730000,vyhrany,Pepa Novak,sledovat follow-up,ano
L-202601-017,2026-01-11,,Adam Blaha,pronajimatel,Sreality.cz,,Praha 7 - Holesovice,15140000,ztraceny,Marie Vankova,sledovat follow-up,ano
L-202601-018,2026-01-18,C-0070,Simona Kadlec,najemce,Sreality.cz,,Praha 1 - Nove Mesto,32000,novy,Robert Linhart,zavolat do 24 hodin,ano
L-202601-019,2026-01-25,C-0071,Jan Sedlak,kupujici,Doporuceni,doporučení od existujícího klienta,Praha 6 - Dejvice,15960000,kontaktovan,Pepa Novak,sledovat follow-up,ano
L-202601-020,2026-01-05,C-0072,Lucie Novak,prodavajici,Doporuceni,doporučení od existujícího klienta,Kladno,16370000,vyhrany,Marie Vankova,sledovat follow-up,ano
L-202601-021,2026-01-12,,Petr Dvorak,investor,Google Ads,kampan: vykup/prodej bytu Praha,Praha 8 - Karlin,16780000,prohlidka,Robert Linhart,potvrdit termin prohlidky,ano
L-202601-022,2026-01-19,C-0073,Anna Prochazka,pronajimatel,Facebook kampan,,Praha 5 - Smichov,7390000,nabidka,Pepa Novak,odeslat navrh kupni ceny,ano
L-202601-023,2026-01-26,C-0074,Tomas Vesely,najemce,LinkedIn,,Brno - stred,32000,vyhrany,Marie Vankova,sledovat follow-up,chybi obnovit
L-202601-024,2026-01-06,C-0075,Katerina Kucera,kupujici,Web formular,,Praha 7 - Letna,8210000,ztraceny,Robert Linhart,sledovat follow-up,ano
L-202601-025,2026-01-13,C-0076,Martin Marek,prodavajici,Cold outreach,,Praha 2 - Vinohrady,8620000,vyhrany,Pepa Novak,sledovat follow-up,ano
L-202601-026,2026-01-20,C-0077,Eva Fiala,investor,Sreality.cz,,Praha 10 - Vrsovice,9030000,kontaktovan,Marie Vankova,sledovat follow-up,ano
L-202601-027,2026-01-27,C-0078,Michal Blaha,pronajimatel,Sreality.cz,,Praha 7 - Holesovice,9440000,vyhrany,Robert Linhart,sledovat follow-up,ano
L-202601-028,2026-01-07,C-0079,Barbora Kadlec,najemce,Bezrealitky,,Praha 1 - Nove Mesto,32000,prohlidka,Pepa Novak,potvrdit termin prohlidky,ano
L-202601-029,2026-01-14,,Filip Sedlak,kupujici,Doporuceni,doporučení od existujícího klienta,Praha 6 - Dejvice,10260000,nabidka,Marie Vankova,odeslat navrh kupni ceny,ano
L-202601-030,2026-01-21,C-0080,Tereza Novak,prodavajici,Google Ads,kampan: vykup/prodej bytu Praha,Kladno,10670000,vyhrany,Robert Linhart,sledovat follow-up,ano
L-202601-031,2026-01-01,C-0081,David Dvorak,investor,Facebook kampan,,Praha 8 - Karlin,11080000,ztraceny,Pepa Novak,sledovat follow-up,ano
L-202601-032,2026-01-08,C-0082,Jana Prochazka,pronajimatel,LinkedIn,,Praha 5 - Smichov,11490000,novy,Marie Vankova,zavolat do 24 hodin,ano
L-202601-033,2026-01-15,,Ondrej Vesely,najemce,Web formular,,Brno - stred,32000,kontaktovan,Robert Linhart,sledovat follow-up,ano
L-202601-034,2026-01-22,C-0083,Nikola Kucera,kupujici,Cold outreach,,Praha 7 - Letna,12310000,vyhrany,Pepa Novak,sledovat follow-up,chybi obnovit
L-202601-035,2026-01-02,C-0084,Marek Marek,prodavajici,Sreality.cz,,Praha 2 - Vinohrady,12720000,prohlidka,Marie Vankova,potvrdit termin prohlidky,ano
L-202601-036,2026-01-09,C-0085,Veronika Fiala,investor,Sreality.cz,,Praha 10 - Vrsovice,13130000,nabidka,Robert Linhart,odeslat navrh kupni ceny,ano
L-202601-037,2026-01-16,,Adam Blaha,pronajimatel,Bezrealitky,,Praha 7 - Holesovice,13540000,vyhrany,Pepa Novak,sledovat follow-up,ano
L-202601-038,2026-01-23,C-0086,Simona Kadlec,najemce,Doporuceni,doporučení od existujícího klienta,Praha 1 - Nove Mesto,32000,ztraceny,Marie Vankova,sledovat follow-up,ano
L-202601-039,2026-01-03,C-0087,Jan Sedlak,kupujici,Google Ads,kampan: vykup/prodej bytu Praha,Praha 6 - Dejvice,14360000,novy,Robert Linhart,zavolat do 24 hodin,ano
L-202601-040,2026-01-10,C-0088,Lucie Novak,prodavajici,Google Ads,kampan: vykup/prodej bytu Praha,Kladno,14770000,kontaktovan,Pepa Novak,sledovat follow-up,ano
L-202601-041,2026-01-17,C-0089,Petr Dvorak,investor,LinkedIn,,Praha 8 - Karlin,15180000,vyhrany,Marie Vankova,sledovat follow-up,ano
L-202601-042,2026-01-24,C-0090,Anna Prochazka,pronajimatel,Web formular,,Praha 5 - Smichov,15590000,prohlidka,Robert Linhart,potvrdit termin prohlidky,ano
L-202601-043,2026-01-04,C-0091,Tomas Vesely,najemce,Reality iDNES,,Brno - stred,32000,nabidka,Pepa Novak,odeslat navrh kupni ceny,ano
L-202601-044,2026-01-11,C-0092,Katerina Kucera,kupujici,Sreality.cz,,Praha 7 - Letna,16410000,vyhrany,Marie Vankova,sledovat follow-up,ano
L-202602-001,2026-02-10,,Anna Cerna,pronajimatel,Google Ads,kampan: vykup/prodej bytu Praha,Praha 1 - Nove Mesto,9270000,ztraceny,Pepa Novak,sledovat follow-up,chybi obnovit
L-202602-002,2026-02-17,C-0093,Tomas Kralova,najemce,Google Ads,kampan: vykup/prodej bytu Praha,Praha 6 - Dejvice,32000,novy,Marie Vankova,zavolat do 24 hodin,ano
L-202602-003,2026-02-24,C-0094,Katerina Horakova,kupujici,Facebook kampan,,Kladno,10090000,kontaktovan,Robert Linhart,sledovat follow-up,ano
L-202602-004,2026-02-04,C-0095,Martin Nemeckova,prodavajici,Web formular,,Praha 8 - Karlin,10500000,kvalifikovan,Pepa Novak,sledovat follow-up,ano
L-202602-005,2026-02-11,C-0096,Eva Pokorna,investor,Reality iDNES,,Praha 5 - Smichov,10910000,vyhrany,Marie Vankova,sledovat follow-up,ano
L-202602-006,2026-02-18,C-0097,Michal Urbanova,pronajimatel,Sreality.cz,,Brno - stred,11320000,nabidka,Robert Linhart,odeslat navrh kupni ceny,ano
L-202602-007,2026-02-25,C-0098,Barbora Kolarova,najemce,Sreality.cz,,Praha 7 - Letna,32000,vyhrany,Pepa Novak,sledovat follow-up,ano
L-202602-008,2026-02-05,C-0099,Filip Ruzickova,kupujici,Bezrealitky,,Praha 2 - Vinohrady,12140000,ztraceny,Marie Vankova,sledovat follow-up,ano
L-202602-009,2026-02-12,,Tereza Malikova,prodavajici,Doporuceni,doporučení od existujícího klienta,Praha 10 - Vrsovice,12550000,novy,Robert Linhart,zavolat do 24 hodin,ano
L-202602-010,2026-02-19,C-0100,David Svobodova,investor,Google Ads,kampan: vykup/prodej bytu Praha,Praha 7 - Holesovice,12960000,kontaktovan,Pepa Novak,sledovat follow-up,ano
L-202602-011,2026-02-26,C-0101,Jana Cerna,pronajimatel,Google Ads,kampan: vykup/prodej bytu Praha,Praha 1 - Nove Mesto,13370000,kvalifikovan,Marie Vankova,sledovat follow-up,ano
L-202602-012,2026-02-06,C-0102,Ondrej Kralova,najemce,Facebook kampan,,Praha 6 - Dejvice,32000,vyhrany,Robert Linhart,sledovat follow-up,chybi obnovit
L-202602-013,2026-02-13,,Nikola Horakova,kupujici,Web formular,,Kladno,14190000,nabidka,Pepa Novak,odeslat navrh kupni ceny,ano
L-202602-014,2026-02-20,C-0103,Marek Nemeckova,prodavajici,Reality iDNES,,Praha 8 - Karlin,14600000,vyhrany,Marie Vankova,sledovat follow-up,ano
L-202602-015,2026-02-27,C-0104,Veronika Pokorna,investor,Sreality.cz,,Praha 5 - Smichov,15010000,ztraceny,Robert Linhart,sledovat follow-up,ano
L-202602-016,2026-02-07,C-0105,Adam Urbanova,pronajimatel,Sreality.cz,,Brno - stred,15420000,novy,Pepa Novak,zavolat do 24 hodin,ano
L-202602-017,2026-02-14,,Simona Kolarova,najemce,Bezrealitky,,Praha 7 - Letna,32000,kontaktovan,Marie Vankova,sledovat follow-up,ano
L-202602-018,2026-02-21,C-0106,Jan Ruzickova,kupujici,Doporuceni,doporučení od existujícího klienta,Praha 2 - Vinohrady,16240000,kvalifikovan,Robert Linhart,sledovat follow-up,ano
L-202602-019,2026-02-01,C-0107,Lucie Malikova,prodavajici,Doporuceni,doporučení od existujícího klienta,Praha 10 - Vrsovice,16650000,vyhrany,Pepa Novak,sledovat follow-up,ano
L-202602-020,2026-02-08,C-0108,Petr Svobodova,investor,Google Ads,kampan: vykup/prodej bytu Praha,Praha 7 - Holesovice,7260000,nabidka,Marie Vankova,odeslat navrh kupni ceny,ano
L-202602-021,2026-02-15,,Anna Cerna,pronajimatel,Facebook kampan,,Praha 1 - Nove Mesto,7670000,vyhrany,Robert Linhart,sledovat follow-up,ano
L-202602-022,2026-02-22,C-0109,Tomas Kralova,najemce,Web formular,,Praha 6 - Dejvice,32000,ztraceny,Pepa Novak,sledovat follow-up,ano
L-202602-023,2026-02-02,C-0110,Katerina Horakova,kupujici,Reality iDNES,,Kladno,8490000,novy,Marie Vankova,zavolat do 24 hodin,chybi obnovit
L-202602-024,2026-02-09,C-0111,Martin Nemeckova,prodavajici,Sreality.cz,,Praha 8 - Karlin,8900000,kontaktovan,Robert Linhart,sledovat follow-up,ano
L-202602-025,2026-02-16,,Eva Pokorna,investor,Sreality.cz,,Praha 5 - Smichov,9310000,kvalifikovan,Pepa Novak,sledovat follow-up,ano
L-202602-026,2026-02-23,C-0112,Michal Urbanova,pronajimatel,Bezrealitky,,Brno - stred,9720000,vyhrany,Marie Vankova,sledovat follow-up,ano
L-202602-027,2026-02-03,C-0113,Barbora Kolarova,najemce,Doporuceni,doporučení od existujícího klienta,Praha 7 - Letna,32000,nabidka,Robert Linhart,odeslat navrh kupni ceny,ano
L-202602-028,2026-02-10,C-0114,Filip Ruzickova,kupujici,Doporuceni,doporučení od existujícího klienta,Praha 2 - Vinohrady,10540000,vyhrany,Pepa Novak,sledovat follow-up,ano
L-202602-029,2026-02-17,,Tereza Malikova,prodavajici,Google Ads,kampan: vykup/prodej bytu Praha,Praha 10 - Vrsovice,10950000,ztraceny,Marie Vankova,sledovat follow-up,ano
L-202602-030,2026-02-24,C-0115,David Svobodova,investor,Facebook kampan,,Praha 7 - Holesovice,11360000,novy,Robert Linhart,zavolat do 24 hodin,ano
L-202602-031,2026-02-04,C-0116,Jana Cerna,pronajimatel,Web formular,,Praha 1 - Nove Mesto,11770000,kontaktovan,Pepa Novak,sledovat follow-up,ano
L-202602-032,2026-02-11,C-0117,Ondrej Kralova,najemce,Reality iDNES,,Praha 6 - Dejvice,32000,kvalifikovan,Marie Vankova,sledovat follow-up,ano
L-202602-033,2026-02-18,C-0118,Nikola Horakova,kupujici,Sreality.cz,,Kladno,12590000,vyhrany,Robert Linhart,sledovat follow-up,ano
L-202602-034,2026-02-25,C-0119,Marek Nemeckova,prodavajici,Sreality.cz,,Praha 8 - Karlin,13000000,nabidka,Pepa Novak,odeslat navrh kupni ceny,chybi obnovit
L-202602-035,2026-02-05,C-0120,Veronika Pokorna,investor,Bezrealitky,,Praha 5 - Smichov,13410000,vyhrany,Marie Vankova,sledovat follow-up,ano
L-202602-036,2026-02-12,C-0121,Adam Urbanova,pronajimatel,Doporuceni,doporučení od existujícího klienta,Brno - stred,13820000,ztraceny,Robert Linhart,sledovat follow-up,ano
L-202602-037,2026-02-19,,Simona Kolarova,najemce,Doporuceni,doporučení od existujícího klienta,Praha 7 - Letna,32000,novy,Pepa Novak,zavolat do 24 hodin,ano
L-202602-038,2026-02-26,C-0122,Jan Ruzickova,kupujici,Google Ads,kampan: vykup/prodej bytu Praha,Praha 2 - Vinohrady,14640000,kontaktovan,Marie Vankova,sledovat follow-up,ano
L-202602-039,2026-02-06,C-0123,Lucie Malikova,prodavajici,Facebook kampan,,Praha 10 - Vrsovice,15050000,kvalifikovan,Robert Linhart,sledovat follow-up,ano
L-202602-040,2026-02-13,C-0124,Petr Svobodova,investor,Web formular,,Praha 7 - Holesovice,15460000,vyhrany,Pepa Novak,sledovat follow-up,ano
L-202602-041,2026-02-20,,Anna Cerna,pronajimatel,Reality iDNES,,Praha 1 - Nove Mesto,15870000,nabidka,Marie Vankova,odeslat navrh kupni ceny,ano
L-202602-042,2026-02-27,C-0125,Tomas Kralova,najemce,Sreality.cz,,Praha 6 - Dejvice,32000,vyhrany,Robert Linhart,sledovat follow-up,ano
L-202602-043,2026-02-07,C-0126,Katerina Horakova,kupujici,Sreality.cz,,Kladno,16690000,ztraceny,Pepa Novak,sledovat follow-up,ano
L-202602-044,2026-02-14,C-0127,Martin Nemeckova,prodavajici,Bezrealitky,,Praha 8 - Karlin,7300000,novy,Marie Vankova,zavolat do 24 hodin,ano
L-202602-045,2026-02-21,,Eva Pokorna,investor,Doporuceni,doporučení od existujícího klienta,Praha 5 - Smichov,7710000,kontaktovan,Robert Linhart,sledovat follow-up,chybi obnovit
L-202602-046,2026-02-01,C-0128,Michal Urbanova,pronajimatel,Doporuceni,doporučení od existujícího klienta,Brno - stred,8120000,kvalifikovan,Pepa Novak,sledovat follow-up,ano
L-202602-047,2026-02-08,C-0129,Barbora Kolarova,najemce,Google Ads,kampan: vykup/prodej bytu Praha,Praha 7 - Letna,32000,vyhrany,Marie Vankova,sledovat follow-up,ano
L-202602-048,2026-02-15,C-0130,Filip Ruzickova,kupujici,Facebook kampan,,Praha 2 - Vinohrady,8940000,nabidka,Robert Linhart,odeslat navrh kupni ceny,ano
L-202602-049,2026-02-22,C-0131,Tereza Malikova,prodavajici,Web formular,,Praha 10 - Vrsovice,9350000,vyhrany,Pepa Novak,sledovat follow-up,ano
L-202602-050,2026-02-02,C-0132,David Svobodova,investor,Web formular,,Praha 7 - Holesovice,9760000,ztraceny,Marie Vankova,sledovat follow-up,ano
L-202602-051,2026-02-09,C-0133,Jana Cerna,pronajimatel,Sreality.cz,,Praha 1 - Nove Mesto,10170000,novy,Robert Linhart,zavolat do 24 hodin,ano
L-202602-052,2026-02-16,C-0134,Ondrej Kralova,najemce,Sreality.cz,,Praha 6 - Dejvice,32000,kontaktovan,Pepa Novak,sledovat follow-up,ano
L-202603-001,2026-03-13,,Tomas Prochazka,najemce,Facebook kampan,,Praha 2 - Vinohrady,32000,kontaktovan,Pepa Novak,sledovat follow-up,chybi obnovit
L-202603-002,2026-03-20,C-0135,Katerina Vesely,kupujici,Web formular,,Praha 10 - Vrsovice,10370000,kvalifikovan,Marie Vankova,sledovat follow-up,ano
L-202603-003,2026-03-27,C-0136,Martin Kucera,prodavajici,Web formular,,Praha 7 - Holesovice,10780000,prohlidka,Robert Linhart,potvrdit termin prohlidky,ano
L-202603-004,2026-03-07,C-0137,Eva Marek,investor,Sreality.cz,,Praha 1 - Nove Mesto,11190000,vyhrany,Pepa Novak,sledovat follow-up,ano
L-202603-005,2026-03-14,,Michal Fiala,pronajimatel,Sreality.cz,,Praha 6 - Dejvice,11600000,vyhrany,Marie Vankova,sledovat follow-up,ano
L-202603-006,2026-03-21,C-0138,Barbora Blaha,najemce,Bezrealitky,,Kladno,32000,ztraceny,Robert Linhart,sledovat follow-up,ano
L-202603-007,2026-03-01,C-0139,Filip Kadlec,kupujici,Doporuceni,doporučení od existujícího klienta,Praha 8 - Karlin,12420000,novy,Pepa Novak,zavolat do 24 hodin,ano
L-202603-008,2026-03-08,C-0140,Tereza Sedlak,prodavajici,Doporuceni,doporučení od existujícího klienta,Praha 5 - Smichov,12830000,kontaktovan,Marie Vankova,sledovat follow-up,ano
L-202603-009,2026-03-15,,David Novak,investor,Google Ads,kampan: vykup/prodej bytu Praha,Brno - stred,13240000,kvalifikovan,Robert Linhart,sledovat follow-up,ano
L-202603-010,2026-03-22,C-0141,Jana Dvorak,pronajimatel,Facebook kampan,,Praha 7 - Letna,13650000,prohlidka,Pepa Novak,potvrdit termin prohlidky,ano
L-202603-011,2026-03-02,C-0142,Ondrej Prochazka,najemce,Web formular,,Praha 2 - Vinohrady,32000,vyhrany,Marie Vankova,sledovat follow-up,ano
L-202603-012,2026-03-09,C-0143,Nikola Vesely,kupujici,Web formular,,Praha 10 - Vrsovice,14470000,vyhrany,Robert Linhart,sledovat follow-up,chybi obnovit
L-202603-013,2026-03-16,C-0144,Marek Kucera,prodavajici,Sreality.cz,,Praha 7 - Holesovice,14880000,vyhrany,Pepa Novak,sledovat follow-up,ano
L-202603-014,2026-03-23,C-0145,Veronika Marek,investor,Sreality.cz,,Praha 1 - Nove Mesto,15290000,novy,Marie Vankova,zavolat do 24 hodin,ano
L-202603-015,2026-03-03,C-0146,Adam Fiala,pronajimatel,Sreality.cz,,Praha 6 - Dejvice,15700000,kontaktovan,Robert Linhart,sledovat follow-up,ano
L-202603-016,2026-03-10,C-0147,Simona Blaha,najemce,Doporuceni,doporučení od existujícího klienta,Kladno,32000,kvalifikovan,Pepa Novak,sledovat follow-up,ano
L-202603-017,2026-03-17,,Jan Kadlec,kupujici,Doporuceni,doporučení od existujícího klienta,Praha 8 - Karlin,16520000,prohlidka,Marie Vankova,potvrdit termin prohlidky,ano
L-202603-018,2026-03-24,C-0148,Lucie Sedlak,prodavajici,Google Ads,kampan: vykup/prodej bytu Praha,Praha 5 - Smichov,16930000,vyhrany,Robert Linhart,sledovat follow-up,ano
L-202603-019,2026-03-04,C-0149,Petr Novak,investor,Facebook kampan,,Brno - stred,7540000,vyhrany,Pepa Novak,sledovat follow-up,ano
L-202603-020,2026-03-11,C-0150,Anna Dvorak,pronajimatel,LinkedIn,,Praha 7 - Letna,7950000,ztraceny,Marie Vankova,sledovat follow-up,ano
L-202603-021,2026-03-18,,Tomas Prochazka,najemce,Web formular,,Praha 2 - Vinohrady,32000,novy,Robert Linhart,zavolat do 24 hodin,ano
L-202603-022,2026-03-25,C-0151,Katerina Vesely,kupujici,Cold outreach,,Praha 10 - Vrsovice,8770000,kontaktovan,Pepa Novak,sledovat follow-up,ano
L-202603-023,2026-03-05,C-0152,Martin Kucera,prodavajici,Sreality.cz,,Praha 7 - Holesovice,9180000,kvalifikovan,Marie Vankova,sledovat follow-up,chybi obnovit
L-202603-024,2026-03-12,C-0153,Eva Marek,investor,Sreality.cz,,Praha 1 - Nove Mesto,9590000,prohlidka,Robert Linhart,potvrdit termin prohlidky,ano
L-202603-025,2026-03-19,C-0154,Michal Fiala,pronajimatel,Doporuceni,doporučení od existujícího klienta,Praha 6 - Dejvice,10000000,vyhrany,Pepa Novak,sledovat follow-up,ano
L-202603-026,2026-03-26,C-0155,Barbora Blaha,najemce,Doporuceni,doporučení od existujícího klienta,Kladno,32000,vyhrany,Marie Vankova,sledovat follow-up,ano
L-202603-027,2026-03-06,C-0156,Filip Kadlec,kupujici,Google Ads,kampan: vykup/prodej bytu Praha,Praha 8 - Karlin,10820000,ztraceny,Robert Linhart,sledovat follow-up,ano
L-202603-028,2026-03-13,C-0157,Tereza Sedlak,prodavajici,Facebook kampan,,Praha 5 - Smichov,11230000,novy,Pepa Novak,zavolat do 24 hodin,ano
L-202603-029,2026-03-20,,David Novak,investor,LinkedIn,,Brno - stred,11640000,kontaktovan,Marie Vankova,sledovat follow-up,ano
L-202603-030,2026-03-27,C-0158,Jana Dvorak,pronajimatel,Web formular,,Praha 7 - Letna,12050000,kvalifikovan,Robert Linhart,sledovat follow-up,ano
L-202603-031,2026-03-07,C-0159,Ondrej Prochazka,najemce,Cold outreach,,Praha 2 - Vinohrady,32000,prohlidka,Pepa Novak,potvrdit termin prohlidky,ano
L-202603-032,2026-03-14,C-0160,Nikola Vesely,kupujici,Sreality.cz,,Praha 10 - Vrsovice,12870000,vyhrany,Marie Vankova,sledovat follow-up,ano
L-202603-033,2026-03-21,,Marek Kucera,prodavajici,Sreality.cz,,Praha 7 - Holesovice,13280000,vyhrany,Robert Linhart,sledovat follow-up,ano
L-202603-034,2026-03-01,C-0161,Veronika Marek,investor,Bezrealitky,,Praha 1 - Nove Mesto,13690000,ztraceny,Pepa Novak,sledovat follow-up,chybi obnovit
L-202603-035,2026-03-08,C-0162,Adam Fiala,pronajimatel,Doporuceni,doporučení od existujícího klienta,Praha 6 - Dejvice,14100000,novy,Marie Vankova,zavolat do 24 hodin,ano
L-202603-036,2026-03-15,C-0163,Simona Blaha,najemce,Google Ads,kampan: vykup/prodej bytu Praha,Kladno,32000,kontaktovan,Robert Linhart,sledovat follow-up,ano
L-202603-037,2026-03-22,,Jan Kadlec,kupujici,Facebook kampan,,Praha 8 - Karlin,14920000,kvalifikovan,Pepa Novak,sledovat follow-up,ano
L-202603-038,2026-03-02,C-0164,Lucie Sedlak,prodavajici,LinkedIn,,Praha 5 - Smichov,15330000,prohlidka,Marie Vankova,potvrdit termin prohlidky,ano
L-202603-039,2026-03-09,C-0165,Petr Novak,investor,Web formular,,Brno - stred,15740000,vyhrany,Robert Linhart,sledovat follow-up,ano
L-202603-040,2026-03-16,C-0166,Anna Dvorak,pronajimatel,Cold outreach,,Praha 7 - Letna,16150000,vyhrany,Pepa Novak,sledovat follow-up,ano
L-202603-041,2026-03-23,,Tomas Prochazka,najemce,Sreality.cz,,Praha 2 - Vinohrady,32000,ztraceny,Marie Vankova,sledovat follow-up,ano
L-202603-042,2026-03-03,C-0167,Katerina Vesely,kupujici,Sreality.cz,,Praha 10 - Vrsovice,16970000,novy,Robert Linhart,zavolat do 24 hodin,ano
L-202603-043,2026-03-10,C-0168,Martin Kucera,prodavajici,Bezrealitky,,Praha 7 - Holesovice,7580000,vyhrany,Pepa Novak,sledovat follow-up,ano
L-202603-044,2026-03-17,C-0169,Eva Marek,investor,Doporuceni,doporučení od existujícího klienta,Praha 1 - Nove Mesto,7990000,kvalifikovan,Marie Vankova,sledovat follow-up,ano
L-202603-045,2026-03-24,,Michal Fiala,pronajimatel,Google Ads,kampan: vykup/prodej bytu Praha,Praha 6 - Dejvice,8400000,prohlidka,Robert Linhart,potvrdit termin prohlidky,chybi obnovit
L-202603-046,2026-03-04,C-0170,Barbora Blaha,najemce,Google Ads,kampan: vykup/prodej bytu Praha,Kladno,32000,vyhrany,Pepa Novak,sledovat follow-up,ano
L-202603-047,2026-03-11,C-0171,Filip Kadlec,kupujici,LinkedIn,,Praha 8 - Karlin,9220000,vyhrany,Marie Vankova,sledovat follow-up,ano
L-202603-048,2026-03-18,C-0172,Tereza Sedlak,prodavajici,Web formular,,Praha 5 - Smichov,9630000,ztraceny,Robert Linhart,sledovat follow-up,ano
L-202603-049,2026-03-25,,David Novak,investor,Reality iDNES,,Brno - stred,10040000,novy,Pepa Novak,zavolat do 24 hodin,ano
L-202603-050,2026-03-05,C-0173,Jana Dvorak,pronajimatel,Sreality.cz,,Praha 7 - Letna,10450000,kontaktovan,Marie Vankova,sledovat follow-up,ano
L-202603-051,2026-03-12,C-0174,Ondrej Prochazka,najemce,Sreality.cz,,Praha 2 - Vinohrady,32000,kvalifikovan,Robert Linhart,sledovat follow-up,ano
L-202603-052,2026-03-19,C-0175,Nikola Vesely,kupujici,Bezrealitky,,Praha 10 - Vrsovice,11270000,prohlidka,Pepa Novak,potvrdit termin prohlidky,ano
L-202603-053,2026-03-26,C-0176,Marek Kucera,prodavajici,Doporuceni,doporučení od existujícího klienta,Praha 7 - Holesovice,11680000,vyhrany,Marie Vankova,sledovat follow-up,ano
L-202603-054,2026-03-06,C-0177,Veronika Marek,investor,Google Ads,kampan: vykup/prodej bytu Praha,Praha 1 - Nove Mesto,12090000,vyhrany,Robert Linhart,sledovat follow-up,ano
L-202603-055,2026-03-13,C-0178,Adam Fiala,pronajimatel,Google Ads,kampan: vykup/prodej bytu Praha,Praha 6 - Dejvice,12500000,ztraceny,Pepa Novak,sledovat follow-up,ano
L-202603-056,2026-03-20,C-0179,Simona Blaha,najemce,Facebook kampan,,Kladno,32000,novy,Marie Vankova,zavolat do 24 hodin,chybi obnovit
L-202603-057,2026-03-27,,Jan Kadlec,kupujici,Web formular,,Praha 8 - Karlin,13320000,kontaktovan,Robert Linhart,sledovat follow-up,ano
L-202603-058,2026-03-07,C-0180,Lucie Sedlak,prodavajici,Reality iDNES,,Praha 5 - Smichov,13730000,kvalifikovan,Pepa Novak,sledovat follow-up,ano
L-202603-059,2026-03-14,C-0181,Petr Novak,investor,Sreality.cz,,Brno - stred,14140000,prohlidka,Marie Vankova,potvrdit termin prohlidky,ano
L-202603-060,2026-03-21,C-0182,Anna Dvorak,pronajimatel,Sreality.cz,,Praha 7 - Letna,14550000,vyhrany,Robert Linhart,sledovat follow-up,ano
L-202603-061,2026-03-01,,Tomas Prochazka,najemce,Bezrealitky,,Praha 2 - Vinohrady,32000,vyhrany,Pepa Novak,sledovat follow-up,ano
L-202604-001,2026-04-16,,Katerina Kralova,kupujici,Web formular,,Praha 5 - Smichov,10650000,prohlidka,Pepa Novak,potvrdit termin prohlidky,chybi obnovit
L-202604-002,2026-04-23,C-0183,Martin Horakova,prodavajici,Reality iDNES,,Brno - stred,11060000,nabidka,Marie Vankova,odeslat navrh kupni ceny,ano
L-202604-003,2026-04-03,C-0184,Eva Nemeckova,investor,Sreality.cz,,Praha 7 - Letna,11470000,vyhrany,Robert Linhart,sledovat follow-up,ano
L-202604-004,2026-04-10,C-0185,Michal Pokorna,pronajimatel,Sreality.cz,,Praha 2 - Vinohrady,11880000,ztraceny,Pepa Novak,sledovat follow-up,ano
L-202604-005,2026-04-17,,Barbora Urbanova,najemce,Bezrealitky,,Praha 10 - Vrsovice,32000,novy,Marie Vankova,zavolat do 24 hodin,ano
L-202604-006,2026-04-24,C-0186,Filip Kolarova,kupujici,Doporuceni,doporučení od existujícího klienta,Praha 7 - Holesovice,12700000,kontaktovan,Robert Linhart,sledovat follow-up,ano
L-202604-007,2026-04-04,C-0187,Tereza Ruzickova,prodavajici,Google Ads,kampan: vykup/prodej bytu Praha,Praha 1 - Nove Mesto,13110000,vyhrany,Pepa Novak,sledovat follow-up,ano
L-202604-008,2026-04-11,C-0188,David Malikova,investor,Google Ads,kampan: vykup/prodej bytu Praha,Praha 6 - Dejvice,13520000,prohlidka,Marie Vankova,potvrdit termin prohlidky,ano
L-202604-009,2026-04-18,,Jana Svobodova,pronajimatel,Facebook kampan,,Kladno,13930000,nabidka,Robert Linhart,odeslat navrh kupni ceny,ano
L-202604-010,2026-04-25,C-0189,Ondrej Cerna,najemce,Web formular,,Praha 8 - Karlin,32000,vyhrany,Pepa Novak,sledovat follow-up,ano
L-202604-011,2026-04-05,C-0190,Nikola Kralova,kupujici,Reality iDNES,,Praha 5 - Smichov,14750000,ztraceny,Marie Vankova,sledovat follow-up,ano
L-202604-012,2026-04-12,C-0191,Marek Horakova,prodavajici,Sreality.cz,,Brno - stred,15160000,novy,Robert Linhart,zavolat do 24 hodin,chybi obnovit
L-202604-013,2026-04-19,,Veronika Nemeckova,investor,Sreality.cz,,Praha 7 - Letna,15570000,kontaktovan,Pepa Novak,sledovat follow-up,ano
L-202604-014,2026-04-26,C-0192,Adam Pokorna,pronajimatel,Bezrealitky,,Praha 2 - Vinohrady,15980000,kvalifikovan,Marie Vankova,sledovat follow-up,ano
L-202604-015,2026-04-06,C-0193,Simona Urbanova,najemce,Doporuceni,doporučení od existujícího klienta,Praha 10 - Vrsovice,32000,prohlidka,Robert Linhart,potvrdit termin prohlidky,ano
L-202604-016,2026-04-13,C-0194,Jan Kolarova,kupujici,Google Ads,kampan: vykup/prodej bytu Praha,Praha 7 - Holesovice,16800000,nabidka,Pepa Novak,odeslat navrh kupni ceny,ano
L-202604-017,2026-04-20,C-0195,Lucie Ruzickova,prodavajici,Google Ads,kampan: vykup/prodej bytu Praha,Praha 1 - Nove Mesto,7410000,vyhrany,Marie Vankova,sledovat follow-up,ano
L-202604-018,2026-04-27,C-0196,Petr Malikova,investor,Facebook kampan,,Praha 6 - Dejvice,7820000,ztraceny,Robert Linhart,sledovat follow-up,ano
L-202604-019,2026-04-07,C-0197,Anna Svobodova,pronajimatel,Web formular,,Kladno,8230000,novy,Pepa Novak,zavolat do 24 hodin,ano
L-202604-020,2026-04-14,C-0198,Tomas Cerna,najemce,Reality iDNES,,Praha 8 - Karlin,32000,kontaktovan,Marie Vankova,sledovat follow-up,ano
L-202604-021,2026-04-21,,Katerina Kralova,kupujici,Sreality.cz,,Praha 5 - Smichov,9050000,kvalifikovan,Robert Linhart,sledovat follow-up,ano
L-202604-022,2026-04-01,C-0199,Martin Horakova,prodavajici,Sreality.cz,,Brno - stred,9460000,prohlidka,Pepa Novak,potvrdit termin prohlidky,ano
L-202604-023,2026-04-08,C-0200,Eva Nemeckova,investor,Bezrealitky,,Praha 7 - Letna,9870000,nabidka,Marie Vankova,odeslat navrh kupni ceny,chybi obnovit
L-202604-024,2026-04-15,C-0201,Michal Pokorna,pronajimatel,Doporuceni,doporučení od existujícího klienta,Praha 2 - Vinohrady,10280000,vyhrany,Robert Linhart,sledovat follow-up,ano
L-202604-025,2026-04-22,,Barbora Urbanova,najemce,Doporuceni,doporučení od existujícího klienta,Praha 10 - Vrsovice,32000,ztraceny,Pepa Novak,sledovat follow-up,ano
L-202604-026,2026-04-02,C-0202,Filip Kolarova,kupujici,Google Ads,kampan: vykup/prodej bytu Praha,Praha 7 - Holesovice,11100000,novy,Marie Vankova,zavolat do 24 hodin,ano
L-202604-027,2026-04-09,C-0203,Tereza Ruzickova,prodavajici,Facebook kampan,,Praha 1 - Nove Mesto,11510000,kontaktovan,Robert Linhart,sledovat follow-up,ano
L-202604-028,2026-04-16,C-0204,David Malikova,investor,Web formular,,Praha 6 - Dejvice,11920000,kvalifikovan,Pepa Novak,sledovat follow-up,ano
L-202604-029,2026-04-23,,Jana Svobodova,pronajimatel,Reality iDNES,,Kladno,12330000,prohlidka,Marie Vankova,potvrdit termin prohlidky,ano
L-202604-030,2026-04-03,C-0205,Ondrej Cerna,najemce,Sreality.cz,,Praha 8 - Karlin,32000,nabidka,Robert Linhart,odeslat navrh kupni ceny,ano
L-202604-031,2026-04-10,C-0206,Nikola Kralova,kupujici,Sreality.cz,,Praha 5 - Smichov,13150000,vyhrany,Pepa Novak,sledovat follow-up,ano
L-202604-032,2026-04-17,C-0207,Marek Horakova,prodavajici,Bezrealitky,,Brno - stred,13560000,ztraceny,Marie Vankova,sledovat follow-up,ano
L-202604-033,2026-04-24,,Veronika Nemeckova,investor,Doporuceni,doporučení od existujícího klienta,Praha 7 - Letna,13970000,novy,Robert Linhart,zavolat do 24 hodin,ano
L-202604-034,2026-04-04,C-0208,Adam Pokorna,pronajimatel,Doporuceni,doporučení od existujícího klienta,Praha 2 - Vinohrady,14380000,kontaktovan,Pepa Novak,sledovat follow-up,chybi obnovit
L-202604-035,2026-04-11,C-0209,Simona Urbanova,najemce,Google Ads,kampan: vykup/prodej bytu Praha,Praha 10 - Vrsovice,32000,kvalifikovan,Marie Vankova,sledovat follow-up,ano
L-202604-036,2026-04-18,C-0210,Jan Kolarova,kupujici,Facebook kampan,,Praha 7 - Holesovice,15200000,prohlidka,Robert Linhart,potvrdit termin prohlidky,ano
L-202604-037,2026-04-25,C-0211,Lucie Ruzickova,prodavajici,Web formular,,Praha 1 - Nove Mesto,15610000,vyhrany,Pepa Novak,sledovat follow-up,ano
L-202604-038,2026-04-05,C-0212,Petr Malikova,investor,Reality iDNES,,Praha 6 - Dejvice,16020000,vyhrany,Marie Vankova,sledovat follow-up,ano
L-202604-039,2026-04-12,C-0213,Anna Svobodova,pronajimatel,Sreality.cz,,Kladno,16430000,ztraceny,Robert Linhart,sledovat follow-up,ano
L-202604-040,2026-04-19,C-0214,Tomas Cerna,najemce,Sreality.cz,,Praha 8 - Karlin,32000,novy,Pepa Novak,zavolat do 24 hodin,ano
L-202604-041,2026-04-26,,Katerina Kralova,kupujici,Bezrealitky,,Praha 5 - Smichov,7450000,kontaktovan,Marie Vankova,sledovat follow-up,ano
L-202604-042,2026-04-06,C-0215,Martin Horakova,prodavajici,Doporuceni,doporučení od existujícího klienta,Brno - stred,7860000,kvalifikovan,Robert Linhart,sledovat follow-up,ano
L-202604-043,2026-04-13,C-0216,Eva Nemeckova,investor,Doporuceni,doporučení od existujícího klienta,Praha 7 - Letna,8270000,prohlidka,Pepa Novak,potvrdit termin prohlidky,ano
L-202604-044,2026-04-20,C-0217,Michal Pokorna,pronajimatel,Google Ads,kampan: vykup/prodej bytu Praha,Praha 2 - Vinohrady,8680000,nabidka,Marie Vankova,odeslat navrh kupni ceny,ano
L-202604-045,2026-04-27,C-0218,Barbora Urbanova,najemce,Facebook kampan,,Praha 10 - Vrsovice,32000,vyhrany,Robert Linhart,sledovat follow-up,chybi obnovit
L-202604-046,2026-04-07,C-0219,Filip Kolarova,kupujici,Web formular,,Praha 7 - Holesovice,9500000,ztraceny,Pepa Novak,sledovat follow-up,ano
L-202604-047,2026-04-14,C-0220,Tereza Ruzickova,prodavajici,Reality iDNES,,Praha 1 - Nove Mesto,9910000,novy,Marie Vankova,zavolat do 24 hodin,ano
L-202604-048,2026-04-21,C-0221,David Malikova,investor,Sreality.cz,,Praha 6 - Dejvice,10320000,kontaktovan,Robert Linhart,sledovat follow-up,ano
L-202604-049,2026-04-01,,Jana Svobodova,pronajimatel,Sreality.cz,,Kladno,10730000,kvalifikovan,Pepa Novak,sledovat follow-up,ano
L-202604-050,2026-04-08,C-0222,Ondrej Cerna,najemce,Bezrealitky,,Praha 8 - Karlin,32000,prohlidka,Marie Vankova,potvrdit termin prohlidky,ano
L-202604-051,2026-04-15,C-0223,Nikola Kralova,kupujici,Doporuceni,doporučení od existujícího klienta,Praha 5 - Smichov,11550000,nabidka,Robert Linhart,odeslat navrh kupni ceny,ano
L-202604-052,2026-04-22,C-0224,Marek Horakova,prodavajici,Doporuceni,doporučení od existujícího klienta,Brno - stred,11960000,vyhrany,Pepa Novak,sledovat follow-up,ano
L-202604-053,2026-04-02,,Veronika Nemeckova,investor,Google Ads,kampan: vykup/prodej bytu Praha,Praha 7 - Letna,12370000,ztraceny,Marie Vankova,sledovat follow-up,ano
L-202604-054,2026-04-09,C-0225,Adam Pokorna,pronajimatel,Facebook kampan,,Praha 2 - Vinohrady,12780000,novy,Robert Linhart,zavolat do 24 hodin,ano
L-202604-055,2026-04-16,C-0226,Simona Urbanova,najemce,Web formular,,Praha 10 - Vrsovice,32000,kontaktovan,Pepa Novak,sledovat follow-up,ano
L-202604-056,2026-04-23,C-0227,Jan Kolarova,kupujici,Web formular,,Praha 7 - Holesovice,13600000,kvalifikovan,Marie Vankova,sledovat follow-up,chybi obnovit
L-202604-057,2026-04-03,,Lucie Ruzickova,prodavajici,Sreality.cz,,Praha 1 - Nove Mesto,14010000,prohlidka,Robert Linhart,potvrdit termin prohlidky,ano
L-202604-058,2026-04-10,C-0228,Petr Malikova,investor,Sreality.cz,,Praha 6 - Dejvice,14420000,nabidka,Pepa Novak,odeslat navrh kupni ceny,ano
